participant_id,game,latency_ms,score,mean_time_ms,median_time_ms,throughput,n_trials,goals,saves,assists,shots,quality_rating,acceptable,game_display,score_z,score_pct_of_baseline
1,dave_the_diver,150,3.0,,,,,,,,,4.0,1.0,Dave the Diver,0.6602038673831118,100.0
1,dave_the_diver,0,2.7,,,,,,,,,5.0,1.0,Dave the Diver,0.40424790648996706,90.0
1,dave_the_diver,75,2.5,,,,,,,,,5.0,1.0,Dave the Diver,0.23361059922787028,83.33333333333334
1,dave_the_diver,225,1.0,,,,,,,,,3.2,0.0,Dave the Diver,-1.0461692052378542,33.33333333333333
1,half_life_2,75,15.0,,,,,,,,,4.5,1.0,Half-Life 2,0.8269652896205019,100.0
1,half_life_2,0,13.0,,,,,,,,,4.5,1.0,Half-Life 2,0.22763156055755984,86.66666666666667
1,half_life_2,150,11.0,,,,,,,,,2.2,0.0,Half-Life 2,-0.37170216850538224,73.33333333333333
1,half_life_2,225,10.0,,,,,,,,,1.5,0.0,Half-Life 2,-0.6713690330368532,66.66666666666666
1,fitts_law,0,4.790658311735123,809.6777777777778,769.5,4.790658311735123,27.0,,,,,5.0,1.0,Fitts Law,1.1698111871702495,100.0
1,fitts_law,150,2.97211188986933,1673.0749999999998,1585.15,2.97211188986933,12.0,,,,,1.1,0.0,Fitts Law,-0.3689004519176113,62.03973851754133
1,fitts_law,225,2.066381524572041,1802.0636363636365,1796.0,2.066381524572041,11.0,,,,,1.0,0.0,Fitts Law,-1.1352585927938685,43.133560987020616
1,fitts_law,75,3.755392231715994,1013.0714285714284,1010.5,3.755392231715994,21.0,,,,,3.0,1.0,Fitts Law,0.293850063646146,78.38989941146174
1,feeding_frenzy,0,1490.0,,,,,,,,,5.0,1.0,Feeding Frenzy,2.775452200071728,100.0
1,feeding_frenzy,150,980.0,,,,,,,,,3.5,1.0,Feeding Frenzy,1.3552375291320142,65.77181208053692
1,feeding_frenzy,75,920.0,,,,,,,,,4.0,1.0,Feeding Frenzy,1.1881534501979303,61.74496644295302
1,feeding_frenzy,225,140.0,,,,,,,,,2.3,0.0,Feeding Frenzy,-0.983939575945161,9.395973154362416
10,half_life_2,75,7.0,,,,,,,,,5.0,1.0,Half-Life 2,-1.5703696266312663,100.0
10,half_life_2,150,6.0,,,,,,,,,3.0,1.0,Half-Life 2,-1.8700364911627374,85.71428571428571
10,half_life_2,0,7.0,,,,,,,,,2.0,1.0,Half-Life 2,-1.5703696266312663,100.0
10,half_life_2,225,5.0,,,,,,,,,2.0,1.0,Half-Life 2,-2.1697033556942085,71.42857142857143
10,fitts_law,225,1.9199826695763542,1820.2,1738.75,1.9199826695763542,12.0,,,,,1.0,0.0,Fitts Law,-1.2591298448127646,45.538280668630954
10,fitts_law,0,4.216194905441246,1034.071428571429,957.4,4.216194905441246,21.0,,,,,5.0,1.0,Fitts Law,0.6837452177420135,100.0
10,fitts_law,150,2.116386712504217,1531.0466666666669,1448.4,2.116386712504217,15.0,,,,,1.0,0.0,Fitts Law,-1.092948116822036,50.19660523219398
10,fitts_law,75,3.2242297516302396,1224.6555555555558,1167.55,3.2242297516302396,18.0,,,,,3.0,1.0,Fitts Law,-0.15557805131843364,76.47250243268361
10,feeding_frenzy,0,830.0,,,,,,,,,5.0,1.0,Feeding Frenzy,0.9375273317968045,85.56701030927834
10,feeding_frenzy,75,970.0,,,,,,,,,5.0,1.0,Feeding Frenzy,1.3273901826430003,100.0
10,feeding_frenzy,225,230.0,,,,,,,,,2.0,0.0,Feeding Frenzy,-0.7333134575440351,23.711340206185564
10,feeding_frenzy,150,610.0,,,,,,,,,4.0,1.0,Feeding Frenzy,0.3248857090384966,62.88659793814433
11,dave_the_diver,0,3.4,,,,,,,,,4.5,1.0,Dave the Diver,1.0014784819073048,100.0
11,dave_the_diver,225,1.3,,,,,,,,,3.0,0.0,Dave the Diver,-0.7902132443447093,38.235294117647065
11,dave_the_diver,150,2.4,,,,,,,,,4.0,1.0,Dave the Diver,0.1482919455968219,70.58823529411765
11,dave_the_diver,75,2.2,,,,,,,,,4.0,1.0,Dave the Diver,-0.022345361665274475,64.70588235294117
11,rocket_league,0,403.0,,,,,3.0,0.0,0.0,5.0,4.5,1.0,Rocket League,1.8156444391173074,78.25242718446603
11,rocket_league,75,515.0,,,,,4.0,0.0,0.0,4.0,4.5,1.0,Rocket League,2.6876775560190267,100.0
11,rocket_league,225,32.0,,,,,0.0,0.0,0.0,0.0,3.0,0.0,Rocket League,-1.0729652606196378,6.213592233009709
11,rocket_league,150,286.0,,,,,2.0,0.0,0.0,2.0,3.0,0.0,Rocket League,0.9046812723539042,55.533980582524265
11,half_life_2,225,10.0,,,,,,,,,2.0,0.0,Half-Life 2,-0.6713690330368532,55.55555555555556
11,half_life_2,0,18.0,,,,,,,,,3.5,0.0,Half-Life 2,1.725965883214915,100.0
11,half_life_2,150,11.0,,,,,,,,,2.0,0.0,Half-Life 2,-0.37170216850538224,61.111111111111114
11,half_life_2,75,13.0,,,,,,,,,3.0,0.0,Half-Life 2,0.22763156055755984,72.22222222222221
11,fitts_law,75,4.818193744117054,980.5818181818183,978.65,4.818193744117054,22.0,,,,,3.0,0.0,Fitts Law,1.1931095147707762,89.30612403628875
11,fitts_law,0,5.39514372178914,677.440625,669.2,5.39514372178914,32.0,,,,,5.0,1.0,Fitts Law,1.681279426267836,100.0
11,fitts_law,225,2.550062224545202,1472.6416666666664,1557.6,2.550062224545202,12.0,,,,,2.0,0.0,Fitts Law,-0.7260058436189063,47.26588124513483
11,fitts_law,150,2.9550857299946,1287.1235294117646,1180.4,2.9550857299946,17.0,,,,,2.0,0.0,Fitts Law,-0.3833066557148942,54.77306782505199
11,feeding_frenzy,225,180.0,,,,,,,,,3.0,0.0,Feeding Frenzy,-0.872550189989105,16.363636363636363
11,feeding_frenzy,75,1100.0,,,,,,,,,4.0,1.0,Feeding Frenzy,1.6894056870001823,100.0
11,feeding_frenzy,150,290.0,,,,,,,,,3.0,0.0,Feeding Frenzy,-0.5662293786099512,26.36363636363636
11,feeding_frenzy,0,970.0,,,,,,,,,4.5,1.0,Feeding Frenzy,1.3273901826430003,88.18181818181819
12,dave_the_diver,75,3.7,,,,,,,,,5.0,1.0,Dave the Diver,1.25743444280045,100.0
12,dave_the_diver,0,2.4,,,,,,,,,4.0,1.0,Dave the Diver,0.1482919455968219,64.86486486486486
12,dave_the_diver,150,3.1,,,,,,,,,3.0,1.0,Dave the Diver,0.7455225210141602,83.78378378378379
12,dave_the_diver,225,1.0,,,,,,,,,1.0,0.0,Dave the Diver,-1.0461692052378542,27.027027027027025
12,rocket_league,225,244.0,,,,,2.0,0.0,0.0,1.0,2.0,0.0,Rocket League,0.5776688535157595,66.12466124661248
12,rocket_league,0,126.0,,,,,1.0,0.0,0.0,1.0,4.0,1.0,Rocket League,-0.34108032321998055,34.146341463414636
12,rocket_league,75,369.0,,,,,3.0,0.0,0.0,2.0,5.0,1.0,Rocket League,1.550920100057857,100.0
12,rocket_league,150,30.0,,,,,0.0,0.0,0.0,0.0,5.0,1.0,Rocket League,-1.0885372805643114,8.130081300813007
12,half_life_2,225,11.0,,,,,,,,,1.0,0.0,Half-Life 2,-0.37170216850538224,64.70588235294117
12,half_life_2,0,17.0,,,,,,,,,3.0,1.0,Half-Life 2,1.4262990186834439,100.0
12,half_life_2,75,17.0,,,,,,,,,2.0,0.0,Half-Life 2,1.4262990186834439,100.0
12,half_life_2,150,14.0,,,,,,,,,2.0,0.0,Half-Life 2,0.5272984250890309,82.35294117647058
12,fitts_law,0,4.743735703217331,706.7928571428572,689.95,4.743735703217331,28.0,,,,,4.0,1.0,Fitts Law,1.1301089486161116,100.0
12,fitts_law,150,2.641485275639737,1291.5529411764708,1243.0,2.641485275639737,17.0,,,,,2.0,0.0,Fitts Law,-0.6486508137397367,55.683651891655984
12,fitts_law,225,2.022616880188419,1937.7181818181816,1854.5,2.022616880188419,11.0,,,,,1.0,0.0,Fitts Law,-1.1722888092810178,42.63763849273106
12,fitts_law,75,3.5887425634267163,1095.9777777777779,1081.25,3.5887425634267163,18.0,,,,,2.0,0.0,Fitts Law,0.15284415851024352,75.6522451491708
12,feeding_frenzy,150,150.0,,,,,,,,,1.0,0.0,Feeding Frenzy,-0.956092229456147,15.957446808510639
12,feeding_frenzy,75,940.0,,,,,,,,,2.0,1.0,Feeding Frenzy,1.2438481431759583,100.0
12,feeding_frenzy,0,700.0,,,,,,,,,3.0,1.0,Feeding Frenzy,0.5755118274396226,74.46808510638297
12,feeding_frenzy,225,130.0,,,,,,,,,1.0,0.0,Feeding Frenzy,-1.011786922434175,13.829787234042554
13,dave_the_diver,75,2.8,,,,,,,,,4.0,1.0,Dave the Diver,0.489566560121015,84.84848484848484
13,dave_the_diver,150,2.0,,,,,,,,,3.0,1.0,Dave the Diver,-0.19298266892737123,60.60606060606061
13,dave_the_diver,225,3.3,,,,,,,,,2.0,1.0,Dave the Diver,0.9161598282762565,100.0
13,dave_the_diver,0,2.9,,,,,,,,,5.0,1.0,Dave the Diver,0.5748852137520634,87.87878787878788
13,half_life_2,0,14.0,,,,,,,,,5.0,1.0,Half-Life 2,0.5272984250890309,100.0
13,half_life_2,75,13.0,,,,,,,,,4.0,1.0,Half-Life 2,0.22763156055755984,92.85714285714286
13,half_life_2,150,12.0,,,,,,,,,3.0,0.0,Half-Life 2,-0.07203530397391118,85.71428571428571
13,half_life_2,225,11.0,,,,,,,,,2.0,0.0,Half-Life 2,-0.37170216850538224,78.57142857142857
13,fitts_law,75,3.015668148140547,1088.8380952380953,1060.7,3.015668148140547,21.0,,,,,4.0,1.0,Fitts Law,-0.332046555447772,65.4467284027789
13,fitts_law,150,2.992176633961376,1653.4916666666666,1642.35,2.992176633961376,12.0,,,,,2.5,0.0,Fitts Law,-0.3519232359947566,64.93691012280594
13,fitts_law,225,2.3082298710587827,1707.1499999999999,1654.0,2.3082298710587827,12.0,,,,,1.0,0.0,Fitts Law,-0.9306254521938611,50.093739112346455
13,fitts_law,0,4.60782108095796,839.9576923076922,773.55,4.60782108095796,26.0,,,,,5.0,1.0,Fitts Law,1.0151086337062742,100.0
13,feeding_frenzy,225,150.0,,,,,,,,,2.5,0.0,Feeding Frenzy,-0.956092229456147,31.914893617021278
13,feeding_frenzy,150,470.0,,,,,,,,,4.0,1.0,Feeding Frenzy,-0.06497714180769926,100.0
13,feeding_frenzy,75,320.0,,,,,,,,,4.5,1.0,Feeding Frenzy,-0.4826873391429091,68.08510638297872
13,feeding_frenzy,0,470.0,,,,,,,,,5.0,1.0,Feeding Frenzy,-0.06497714180769926,100.0
14,dave_the_diver,150,2.1,,,,,,,,,5.0,1.0,Dave the Diver,-0.10766401529632286,100.0
14,dave_the_diver,225,1.0,,,,,,,,,3.0,1.0,Dave the Diver,-1.0461692052378542,47.61904761904761
14,dave_the_diver,75,0.2,,,,,,,,,5.0,1.0,Dave the Diver,-1.7287184342862405,9.523809523809524
14,dave_the_diver,0,2.0,,,,,,,,,5.0,1.0,Dave the Diver,-0.19298266892737123,95.23809523809523
14,rocket_league,225,170.0,,,,,1.0,0.0,0.0,1.0,2.0,0.0,Rocket League,0.0015041155628377468,57.82312925170068
14,rocket_league,150,62.0,,,,,0.0,0.0,0.0,0.0,4.0,1.0,Rocket League,-0.8393849614495345,21.08843537414966
14,rocket_league,75,186.0,,,,,1.0,0.0,0.0,1.0,5.0,1.0,Rocket League,0.12608027512022624,63.26530612244898
14,rocket_league,0,294.0,,,,,2.0,0.0,0.0,3.0,5.0,1.0,Rocket League,0.9669693521325985,100.0
14,half_life_2,75,12.0,,,,,,,,,3.0,1.0,Half-Life 2,-0.07203530397391118,66.66666666666666
14,half_life_2,225,12.0,,,,,,,,,1.0,0.0,Half-Life 2,-0.07203530397391118,66.66666666666666
14,half_life_2,150,11.0,,,,,,,,,2.0,0.0,Half-Life 2,-0.37170216850538224,61.111111111111114
14,half_life_2,0,18.0,,,,,,,,,5.0,1.0,Half-Life 2,1.725965883214915,100.0
14,fitts_law,0,4.8172413520697,823.1153846153846,743.4,4.8172413520697,26.0,,,,,5.0,1.0,Fitts Law,1.1923036751668932,100.0
14,fitts_law,75,3.2902565732899984,1124.7105263157894,1028.8,3.2902565732899984,19.0,,,,,3.0,0.0,Fitts Law,-0.09971132294775305,68.30167585181006
14,fitts_law,150,2.820619180709616,1274.5176470588235,1263.2,2.820619180709616,17.0,,,,,2.0,0.0,Fitts Law,-0.4970817246188299,58.55258174884166
14,fitts_law,225,2.295730887850039,1853.0166666666664,1757.45,2.295730887850039,12.0,,,,,1.0,0.0,Fitts Law,-0.9412011134521124,47.65654697503773
14,feeding_frenzy,0,820.0,,,,,,,,,5.0,1.0,Feeding Frenzy,0.9096799853077905,100.0
14,feeding_frenzy,75,480.0,,,,,,,,,5.0,1.0,Feeding Frenzy,-0.03712979531868527,58.536585365853654
14,feeding_frenzy,225,190.0,,,,,,,,,3.0,1.0,Feeding Frenzy,-0.8447028435000911,23.170731707317074
14,feeding_frenzy,150,490.0,,,,,,,,,4.0,1.0,Feeding Frenzy,-0.009282448829671278,59.756097560975604
15,dave_the_diver,75,3.9,,,,,,,,,5.0,1.0,Dave the Diver,1.4280717500625464,100.0
15,dave_the_diver,0,3.4,,,,,,,,,5.0,1.0,Dave the Diver,1.0014784819073048,87.17948717948718
15,dave_the_diver,150,2.8,,,,,,,,,5.0,1.0,Dave the Diver,0.489566560121015,71.7948717948718
15,dave_the_diver,225,1.6,,,,,,,,,3.0,1.0,Dave the Diver,-0.5342572834515643,41.02564102564103
15,rocket_league,75,168.0,,,,,1.0,0.0,0.0,3.0,4.0,1.0,Rocket League,-0.014067904381835812,100.0
15,rocket_league,0,70.0,,,,,0.0,0.0,0.0,0.0,3.0,0.0,Rocket League,-0.7770968816708402,41.66666666666667
15,rocket_league,150,46.0,,,,,0.0,0.0,0.0,0.0,1.0,0.0,Rocket League,-0.963961121006923,27.380952380952383
15,rocket_league,225,30.0,,,,,0.0,0.0,0.0,0.0,2.0,0.0,Rocket League,-1.0885372805643114,17.857142857142858
15,half_life_2,225,9.0,,,,,,,,,1.0,0.0,Half-Life 2,-0.9710358975683243,56.25
15,half_life_2,150,13.0,,,,,,,,,1.0,0.0,Half-Life 2,0.22763156055755984,81.25
15,half_life_2,0,13.0,,,,,,,,,5.0,1.0,Half-Life 2,0.22763156055755984,81.25
15,half_life_2,75,16.0,,,,,,,,,5.0,1.0,Half-Life 2,1.126632154151973,100.0
15,fitts_law,0,4.384857435265253,828.6538461538462,783.45,4.384857435265253,26.0,,,,,5.0,1.0,Fitts Law,0.826454248755881,100.0
15,fitts_law,150,2.4700801052828143,1933.5699999999997,1863.1,2.4700801052828143,10.0,,,,,1.0,0.0,Fitts Law,-0.7936804524978386,56.33205051131592
15,fitts_law,75,3.630749276546437,1134.0611111111111,1098.75,3.630749276546437,18.0,,,,,2.0,0.0,Fitts Law,0.1883869511604436,82.80199140218573
15,fitts_law,225,2.018228918025519,2002.0,1930.75,2.018228918025519,10.0,,,,,1.0,0.0,Fitts Law,-1.176001559404275,46.02724142851021
15,feeding_frenzy,0,760.0,,,,,,,,,5.0,1.0,Feeding Frenzy,0.7425959063737065,100.0
15,feeding_frenzy,225,190.0,,,,,,,,,2.0,0.0,Feeding Frenzy,-0.8447028435000911,25.0
15,feeding_frenzy,75,310.0,,,,,,,,,4.0,1.0,Feeding Frenzy,-0.5105346856319232,40.78947368421053
15,feeding_frenzy,150,430.0,,,,,,,,,3.0,1.0,Feeding Frenzy,-0.17636652776375522,56.57894736842105
16,dave_the_diver,75,3.2,,,,,,,,,3.5,1.0,Dave the Diver,0.8308411746452086,91.42857142857143
16,dave_the_diver,225,2.0,,,,,,,,,3.0,1.0,Dave the Diver,-0.19298266892737123,57.14285714285714
16,dave_the_diver,150,3.0,,,,,,,,,5.0,1.0,Dave the Diver,0.6602038673831118,85.71428571428571
16,dave_the_diver,0,3.5,,,,,,,,,5.0,1.0,Dave the Diver,1.0867971355383532,100.0
16,rocket_league,225,42.0,,,,,0.0,0.0,0.0,1.0,1.5,0.0,Rocket League,-0.9951051608962701,100.0
16,rocket_league,75,28.0,,,,,0.0,0.0,0.0,1.0,4.0,1.0,Rocket League,-1.104109300508985,66.66666666666666
16,rocket_league,0,16.0,,,,,0.0,0.0,0.0,0.0,3.7,1.0,Rocket League,-1.1975414201770263,38.095238095238095
16,rocket_league,150,0.0,,,,,0.0,0.0,0.0,0.0,1.0,0.0,Rocket League,-1.322117579734415,0.0
16,half_life_2,225,12.0,,,,,,,,,2.5,0.0,Half-Life 2,-0.07203530397391118,85.71428571428571
16,half_life_2,0,14.0,,,,,,,,,4.6,1.0,Half-Life 2,0.5272984250890309,100.0
16,half_life_2,75,14.0,,,,,,,,,3.8,1.0,Half-Life 2,0.5272984250890309,100.0
16,half_life_2,150,13.0,,,,,,,,,2.0,0.0,Half-Life 2,0.22763156055755984,92.85714285714286
16,fitts_law,225,2.257830383873025,1704.9583333333333,1781.15,2.257830383873025,12.0,,,,,1.0,0.0,Fitts Law,-0.9732695533310868,45.34373430738846
16,fitts_law,75,3.8801288534281007,1055.7600000000002,1046.6,3.8801288534281007,20.0,,,,,3.0,1.0,Fitts Law,0.3993924294285921,77.92415810547885
16,fitts_law,0,4.979365767642845,735.3925925925926,747.1,4.979365767642845,27.0,,,,,5.0,1.0,Fitts Law,1.3294806656595373,100.0
16,fitts_law,150,2.8368741442642,1079.609523809524,1057.4,2.8368741442642,21.0,,,,,2.0,0.0,Fitts Law,-0.4833280467838005,56.972600058804936
16,feeding_frenzy,75,300.0,,,,,,,,,2.7,0.0,Feeding Frenzy,-0.5383820321209372,75.0
16,feeding_frenzy,225,120.0,,,,,,,,,1.5,0.0,Feeding Frenzy,-1.039634268923189,30.0
16,feeding_frenzy,150,200.0,,,,,,,,,3.0,1.0,Feeding Frenzy,-0.8168554970110771,50.0
16,feeding_frenzy,0,400.0,,,,,,,,,4.5,1.0,Feeding Frenzy,-0.2599085672307972,100.0
17,dave_the_diver,0,1.5,,,,,,,,,5.0,1.0,Dave the Diver,-0.6195759370826127,44.11764705882353
17,dave_the_diver,75,3.4,,,,,,,,,4.0,1.0,Dave the Diver,1.0014784819073048,100.0
17,dave_the_diver,150,1.3,,,,,,,,,3.0,1.0,Dave the Diver,-0.7902132443447093,38.235294117647065
17,dave_the_diver,225,3.4,,,,,,,,,3.0,1.0,Dave the Diver,1.0014784819073048,100.0
17,rocket_league,0,280.0,,,,,2.0,0.0,0.0,3.0,5.0,1.0,Rocket League,0.8579652125198836,98.59154929577466
17,rocket_league,150,244.0,,,,,2.0,0.0,0.0,3.0,1.3,0.0,Rocket League,0.5776688535157595,85.91549295774648
17,rocket_league,225,284.0,,,,,2.0,0.0,0.0,3.0,1.0,0.0,Rocket League,0.8891092524092307,100.0
17,rocket_league,75,280.0,,,,,2.0,0.0,0.0,3.0,2.6,0.0,Rocket League,0.8579652125198836,98.59154929577466
17,half_life_2,150,12.0,,,,,,,,,1.0,0.0,Half-Life 2,-0.07203530397391118,80.0
17,half_life_2,0,13.0,,,,,,,,,5.0,1.0,Half-Life 2,0.22763156055755984,86.66666666666667
17,half_life_2,225,12.0,,,,,,,,,1.0,0.0,Half-Life 2,-0.07203530397391118,80.0
17,half_life_2,75,15.0,,,,,,,,,3.0,1.0,Half-Life 2,0.8269652896205019,100.0
17,fitts_law,75,4.325126235810734,961.6473684210526,950.2,4.325126235810734,19.0,,,,,2.7,0.0,Fitts Law,0.7759143831179991,72.16513433434511
17,fitts_law,150,3.054078615156607,1307.0533333333333,1089.8,3.054078615156607,15.0,,,,,2.0,0.0,Fitts Law,-0.299546624761497,50.957586325596395
17,fitts_law,225,2.4596792095358353,1628.8538461538462,1426.5,2.4596792095358353,13.0,,,,,1.0,0.0,Fitts Law,-0.8024808763695571,41.03997684642767
17,fitts_law,0,5.993373774892708,731.8333333333333,692.55,5.993373774892708,30.0,,,,,5.0,1.0,Fitts Law,2.1874548719395457,100.0
17,feeding_frenzy,225,200.0,,,,,,,,,2.2,0.0,Feeding Frenzy,-0.8168554970110771,16.260162601626014
17,feeding_frenzy,150,500.0,,,,,,,,,3.0,1.0,Feeding Frenzy,0.018564897659342713,40.65040650406504
17,feeding_frenzy,0,1230.0,,,,,,,,,5.0,1.0,Feeding Frenzy,2.051421191357364,100.0
17,feeding_frenzy,75,1150.0,,,,,,,,,4.0,1.0,Feeding Frenzy,1.8286424194452524,93.4959349593496
18,dave_the_diver,225,3.9,,,,,,,,,3.5,1.0,Dave the Diver,1.4280717500625464,100.0
18,dave_the_diver,150,2.9,,,,,,,,,5.0,1.0,Dave the Diver,0.5748852137520634,74.35897435897436
18,dave_the_diver,75,1.8,,,,,,,,,5.0,1.0,Dave the Diver,-0.3636199761894678,46.15384615384615
18,dave_the_diver,0,2.5,,,,,,,,,5.0,1.0,Dave the Diver,0.23361059922787028,64.1025641025641
18,half_life_2,225,13.0,,,,,,,,,1.0,0.0,Half-Life 2,0.22763156055755984,76.47058823529412
18,half_life_2,150,12.0,,,,,,,,,1.5,0.0,Half-Life 2,-0.07203530397391118,70.58823529411765
18,half_life_2,0,17.0,,,,,,,,,5.0,1.0,Half-Life 2,1.4262990186834439,100.0
18,half_life_2,75,15.0,,,,,,,,,2.5,0.0,Half-Life 2,0.8269652896205019,88.23529411764706
18,fitts_law,0,5.607079639118506,717.0103448275862,671.3,5.607079639118506,29.0,,,,,5.0,1.0,Fitts Law,1.8606030106506195,100.0
18,fitts_law,75,3.7455113562047577,1240.0352941176473,1217.4,3.7455113562047577,17.0,,,,,3.0,0.0,Fitts Law,0.28548964019436596,66.79968178218336
18,fitts_law,225,2.617458910786192,1817.4333333333334,1597.1,2.617458910786192,12.0,,,,,1.5,0.0,Fitts Law,-0.6689800430630065,46.68132217215457
18,fitts_law,150,3.3956506119796166,1217.0,1104.6,3.3956506119796166,17.0,,,,,2.0,0.0,Fitts Law,-0.010535136916819883,60.56005675912692
18,feeding_frenzy,150,390.0,,,,,,,,,4.5,1.0,Feeding Frenzy,-0.2877559137198112,40.20618556701031
18,feeding_frenzy,75,450.0,,,,,,,,,4.5,1.0,Feeding Frenzy,-0.12067183478572724,46.391752577319586
18,feeding_frenzy,0,970.0,,,,,,,,,5.0,1.0,Feeding Frenzy,1.3273901826430003,100.0
18,feeding_frenzy,225,240.0,,,,,,,,,3.0,1.0,Feeding Frenzy,-0.7054661110550211,24.742268041237114
19,dave_the_diver,150,0.0,,,,,,,,,4.5,1.0,Dave the Diver,-1.8993557415483373,0.0
19,dave_the_diver,225,0.0,,,,,,,,,4.0,1.0,Dave the Diver,-1.8993557415483373,0.0
19,dave_the_diver,75,0.4,,,,,,,,,4.0,1.0,Dave the Diver,-1.5580811270241441,26.666666666666668
19,dave_the_diver,0,1.5,,,,,,,,,4.0,1.0,Dave the Diver,-0.6195759370826127,100.0
19,rocket_league,225,387.0,,,,,3.0,0.0,0.0,4.0,3.0,1.0,Rocket League,1.691068279559919,100.0
19,rocket_league,150,152.0,,,,,1.0,0.0,0.0,1.0,3.5,1.0,Rocket League,-0.1386440639392243,39.276485788113696
19,rocket_league,75,290.0,,,,,2.0,0.0,0.0,4.0,5.0,1.0,Rocket League,0.9358253122432513,74.93540051679587
19,rocket_league,0,68.0,,,,,0.0,0.0,0.0,1.0,5.0,1.0,Rocket League,-0.7926689016155138,17.571059431524546
19,half_life_2,150,6.0,,,,,,,,,2.5,0.0,Half-Life 2,-1.8700364911627374,46.15384615384615
19,half_life_2,225,7.0,,,,,,,,,1.0,0.0,Half-Life 2,-1.5703696266312663,53.84615384615385
19,half_life_2,0,13.0,,,,,,,,,5.0,1.0,Half-Life 2,0.22763156055755984,100.0
19,half_life_2,75,9.0,,,,,,,,,4.5,1.0,Half-Life 2,-0.9710358975683243,69.23076923076923
19,fitts_law,75,3.306346105162119,927.4954545454547,947.45,3.306346105162119,22.0,,,,,2.5,0.0,Fitts Law,-0.08609762045358922,66.53538266724406
19,fitts_law,225,2.355270038653483,2077.0444444444447,1918.7,2.355270038653483,9.0,,,,,1.0,0.0,Fitts Law,-0.8908237443505457,47.39636696286531
19,fitts_law,0,4.969305011286665,770.625925925926,714.4,4.969305011286665,27.0,,,,,5.0,1.0,Fitts Law,1.3209680411165805,100.0
19,fitts_law,150,2.1570548569731707,1472.857142857143,1315.8000000000002,2.1570548569731707,14.0,,,,,2.0,0.0,Fitts Law,-1.0585379161903228,43.40757615147194
19,feeding_frenzy,75,780.0,,,,,,,,,5.0,1.0,Feeding Frenzy,0.7982905993517345,48.75
19,feeding_frenzy,225,180.0,,,,,,,,,3.5,1.0,Feeding Frenzy,-0.872550189989105,11.25
19,feeding_frenzy,0,640.0,,,,,,,,,5.0,1.0,Feeding Frenzy,0.4084277485055386,40.0
19,feeding_frenzy,150,1600.0,,,,,,,,,5.0,1.0,Feeding Frenzy,3.081773011450882,100.0
2,rocket_league,150,431.0,,,,,3.0,0.0,0.0,3.0,4.4,1.0,Rocket League,2.0336527183427373,81.78368121442125
2,rocket_league,75,284.0,,,,,2.0,0.0,0.0,3.0,5.0,1.0,Rocket League,0.8891092524092307,53.889943074003796
2,rocket_league,225,140.0,,,,,1.0,0.0,0.0,0.0,3.5,1.0,Rocket League,-0.23207618360726565,26.56546489563567
2,rocket_league,0,527.0,,,,,4.0,0.0,0.0,5.0,5.0,1.0,Rocket League,2.7811096756870683,100.0
2,half_life_2,75,16.0,,,,,,,,,4.0,1.0,Half-Life 2,1.126632154151973,94.11764705882352
2,half_life_2,150,15.0,,,,,,,,,2.4,0.0,Half-Life 2,0.8269652896205019,88.23529411764706
2,half_life_2,0,17.0,,,,,,,,,5.0,1.0,Half-Life 2,1.4262990186834439,100.0
2,half_life_2,225,16.0,,,,,,,,,1.1,0.0,Half-Life 2,1.126632154151973,94.11764705882352
2,fitts_law,75,4.3058032144758025,844.4125,825.85,4.3058032144758025,24.0,,,,,1.0,0.0,Fitts Law,0.7595647549353451,75.75038226716946
2,fitts_law,0,5.684199981050071,587.6473684210526,514.9,5.684199981050071,38.0,,,,,4.8,1.0,Fitts Law,1.9258562075521235,100.0
2,fitts_law,150,3.314968400473291,1126.5105263157893,1102.4,3.314968400473291,19.0,,,,,1.0,0.0,Fitts Law,-0.07880210905424813,58.31899671940993
2,fitts_law,225,2.80948021857994,1609.7,1664.65,2.80948021857994,12.0,,,,,1.0,0.0,Fitts Law,-0.506506642492912,49.426132577076054
2,feeding_frenzy,75,800.0,,,,,,,,,4.9,1.0,Feeding Frenzy,0.8539852923297625,68.96551724137932
2,feeding_frenzy,225,320.0,,,,,,,,,2.9,0.0,Feeding Frenzy,-0.4826873391429091,27.586206896551722
2,feeding_frenzy,0,1160.0,,,,,,,,,4.8,1.0,Feeding Frenzy,1.8564897659342663,100.0
2,feeding_frenzy,150,310.0,,,,,,,,,4.0,1.0,Feeding Frenzy,-0.5105346856319232,26.72413793103448
20,dave_the_diver,225,0.0,,,,,,,,,3.0,1.0,Dave the Diver,-1.8993557415483373,0.0
20,dave_the_diver,75,3.9,,,,,,,,,4.0,1.0,Dave the Diver,1.4280717500625464,100.0
20,dave_the_diver,150,2.2,,,,,,,,,4.0,1.0,Dave the Diver,-0.022345361665274475,56.41025641025642
20,dave_the_diver,0,3.9,,,,,,,,,5.0,1.0,Dave the Diver,1.4280717500625464,100.0
20,rocket_league,150,152.0,,,,,1.0,0.0,0.0,0.0,5.0,1.0,Rocket League,-0.1386440639392243,75.24752475247524
20,rocket_league,75,48.0,,,,,0.0,0.0,0.0,2.0,5.0,1.0,Rocket League,-0.9483891010622494,23.762376237623762
20,rocket_league,0,202.0,,,,,1.0,1.0,0.0,1.0,5.0,1.0,Rocket League,0.2506564346776147,100.0
20,rocket_league,225,136.0,,,,,1.0,0.0,0.0,1.0,4.0,1.0,Rocket League,-0.2632202234966128,67.32673267326733
20,half_life_2,75,14.0,,,,,,,,,4.0,1.0,Half-Life 2,0.5272984250890309,87.5
20,half_life_2,150,13.0,,,,,,,,,3.0,1.0,Half-Life 2,0.22763156055755984,81.25
20,half_life_2,0,16.0,,,,,,,,,4.0,1.0,Half-Life 2,1.126632154151973,100.0
20,half_life_2,225,7.0,,,,,,,,,2.0,0.0,Half-Life 2,-1.5703696266312663,43.75
20,fitts_law,0,5.787571585841407,683.0125,664.4000000000001,5.787571585841407,32.0,,,,,5.0,1.0,Fitts Law,2.0133211683203114,100.0
20,fitts_law,75,4.154279976064553,898.4739130434784,859.0,4.154279976064553,23.0,,,,,3.0,1.0,Fitts Law,0.6313576507710933,71.7793277274962
20,fitts_law,225,2.036011112650033,1863.5333333333335,1879.75,2.036011112650033,12.0,,,,,2.0,0.0,Fitts Law,-1.1609556581788374,35.17902253910582
20,fitts_law,150,3.412070887560893,1148.1722222222222,1074.4499999999998,3.412070887560893,18.0,,,,,2.0,0.0,Fitts Law,0.0033584150157274077,58.955139248871
20,feeding_frenzy,225,140.0,,,,,,,,,3.0,0.0,Feeding Frenzy,-0.983939575945161,13.592233009708737
20,feeding_frenzy,150,190.0,,,,,,,,,4.0,1.0,Feeding Frenzy,-0.8447028435000911,18.446601941747574
20,feeding_frenzy,75,140.0,,,,,,,,,3.0,1.0,Feeding Frenzy,-0.983939575945161,13.592233009708737
20,feeding_frenzy,0,1030.0,,,,,,,,,4.0,1.0,Feeding Frenzy,1.4944742615770845,100.0
21,rocket_league,75,72.0,,,,,0.0,0.0,0.0,1.0,4.0,1.0,Rocket League,-0.7615248617261666,59.01639344262295
21,rocket_league,225,20.0,,,,,0.0,0.0,0.0,0.0,3.0,0.0,Rocket League,-1.1663973802876793,16.39344262295082
21,rocket_league,0,22.0,,,,,0.0,0.0,0.0,0.0,4.0,1.0,Rocket League,-1.1508253603430056,18.0327868852459
21,rocket_league,150,122.0,,,,,1.0,0.0,0.0,1.0,4.0,1.0,Rocket League,-0.37222436310932766,100.0
21,half_life_2,75,13.0,,,,,,,,,4.0,1.0,Half-Life 2,0.22763156055755984,81.25
21,half_life_2,0,16.0,,,,,,,,,5.0,1.0,Half-Life 2,1.126632154151973,100.0
21,half_life_2,225,11.0,,,,,,,,,2.0,0.0,Half-Life 2,-0.37170216850538224,68.75
21,half_life_2,150,11.0,,,,,,,,,4.0,1.0,Half-Life 2,-0.37170216850538224,68.75
21,fitts_law,0,4.5838695834007055,832.7879999999999,778.9,4.5838695834007055,25.0,,,,,5.0,1.0,Fitts Law,0.9948427512290374,100.0
21,fitts_law,225,2.2265775589183536,1821.23,1689.1,2.2265775589183536,10.0,,,,,3.0,1.0,Fitts Law,-0.9997132475551749,48.57419083172276
21,fitts_law,150,2.354219629446592,1500.4800000000002,1262.0,2.354219629446592,15.0,,,,,4.0,1.0,Fitts Law,-0.8917125184027309,51.35878293683981
21,fitts_law,75,2.908905929848467,1123.9944444444443,1140.25,2.908905929848467,18.0,,,,,5.0,1.0,Fitts Law,-0.42238038796677835,63.45961369368612
21,feeding_frenzy,150,180.0,,,,,,,,,2.0,0.0,Feeding Frenzy,-0.872550189989105,26.08695652173913
21,feeding_frenzy,0,590.0,,,,,,,,,4.0,1.0,Feeding Frenzy,0.26919101606046864,85.5072463768116
21,feeding_frenzy,75,690.0,,,,,,,,,4.0,1.0,Feeding Frenzy,0.5476644809506086,100.0
21,feeding_frenzy,225,140.0,,,,,,,,,2.0,0.0,Feeding Frenzy,-0.983939575945161,20.28985507246377
22,dave_the_diver,225,3.9,,,,,,,,,3.0,1.0,Dave the Diver,1.4280717500625464,100.0
22,dave_the_diver,0,3.3,,,,,,,,,4.0,1.0,Dave the Diver,0.9161598282762565,84.61538461538461
22,dave_the_diver,75,3.9,,,,,,,,,3.0,1.0,Dave the Diver,1.4280717500625464,100.0
22,dave_the_diver,150,2.4,,,,,,,,,3.0,1.0,Dave the Diver,0.1482919455968219,61.53846153846154
22,rocket_league,225,20.0,,,,,0.0,0.0,0.0,0.0,2.0,1.0,Rocket League,-1.1663973802876793,12.987012987012985
22,rocket_league,0,48.0,,,,,0.0,0.0,0.0,1.0,2.0,1.0,Rocket League,-0.9483891010622494,31.16883116883117
22,rocket_league,150,154.0,,,,,1.0,0.0,0.0,2.0,3.0,1.0,Rocket League,-0.12307204399455073,100.0
22,rocket_league,75,82.0,,,,,0.0,0.0,0.0,0.0,3.0,1.0,Rocket League,-0.6836647620027989,53.246753246753244
22,half_life_2,225,12.0,,,,,,,,,2.0,0.0,Half-Life 2,-0.07203530397391118,75.0
22,half_life_2,75,16.0,,,,,,,,,3.0,1.0,Half-Life 2,1.126632154151973,100.0
22,half_life_2,0,13.0,,,,,,,,,4.0,1.0,Half-Life 2,0.22763156055755984,81.25
22,half_life_2,150,13.0,,,,,,,,,2.0,0.0,Half-Life 2,0.22763156055755984,81.25
22,fitts_law,150,2.8457457706440126,1482.142857142857,1347.3,2.8457457706440126,14.0,,,,,2.0,1.0,Fitts Law,-0.4758215709500679,56.912540586019055
22,fitts_law,225,2.0193675690836943,2182.755555555556,2032.6,2.0193675690836943,9.0,,,,,1.0,1.0,Fitts Law,-1.175038122004488,40.385666182526734
22,fitts_law,0,5.0002086382752156,686.1133333333333,675.8,5.0002086382752156,30.0,,,,,5.0,1.0,Fitts Law,1.3471162713545115,100.0
22,fitts_law,75,3.7055765639379974,950.6090909090909,913.65,3.7055765639379974,22.0,,,,,3.0,1.0,Fitts Law,0.25169994479446767,74.10843890738543
22,feeding_frenzy,0,1320.0,,,,,,,,,4.0,1.0,Feeding Frenzy,2.3020473097584904,100.0
22,feeding_frenzy,150,210.0,,,,,,,,,2.0,0.0,Feeding Frenzy,-0.7890081505220631,15.909090909090908
22,feeding_frenzy,75,240.0,,,,,,,,,3.0,1.0,Feeding Frenzy,-0.7054661110550211,18.181818181818183
22,feeding_frenzy,225,220.0,,,,,,,,,3.0,1.0,Feeding Frenzy,-0.7611608040330491,16.666666666666664
23,rocket_league,0,76.0,,,,,0.0,0.0,0.0,1.0,3.0,1.0,Rocket League,-0.7303808218368195,25.503355704697988
23,rocket_league,75,124.0,,,,,0.0,0.0,0.0,2.0,3.5,1.0,Rocket League,-0.3566523431646541,41.61073825503356
23,rocket_league,225,152.0,,,,,1.0,0.0,0.0,1.0,4.0,1.0,Rocket League,-0.1386440639392243,51.006711409395976
23,rocket_league,150,298.0,,,,,2.0,0.0,0.0,4.0,4.5,1.0,Rocket League,0.9981133920219456,100.0
23,half_life_2,225,9.0,,,,,,,,,1.5,0.0,Half-Life 2,-0.9710358975683243,52.94117647058824
23,half_life_2,75,14.0,,,,,,,,,4.0,1.0,Half-Life 2,0.5272984250890309,82.35294117647058
23,half_life_2,150,9.0,,,,,,,,,2.5,0.0,Half-Life 2,-0.9710358975683243,52.94117647058824
23,half_life_2,0,17.0,,,,,,,,,3.5,1.0,Half-Life 2,1.4262990186834439,100.0
23,fitts_law,225,2.1371775840675253,1678.2416666666666,1733.45,2.1371775840675253,12.0,,,,,2.0,0.0,Fitts Law,-1.0753565086691788,45.860677523053035
23,fitts_law,75,3.7139902829278038,1135.4222222222224,1074.0,3.7139902829278038,18.0,,,,,3.0,1.0,Fitts Law,0.25881897523656494,79.69675143463556
23,fitts_law,150,2.3343665179464756,1904.7749999999999,1531.35,2.3343665179464756,12.0,,,,,2.0,0.0,Fitts Law,-0.9085106673914137,50.09206108946959
23,fitts_law,0,4.660152661271127,826.0846153846154,790.8499999999999,4.660152661271127,26.0,,,,,4.0,1.0,Fitts Law,1.0593875208171768,100.0
23,feeding_frenzy,225,110.0,,,,,,,,,2.0,0.0,Feeding Frenzy,-1.0674816154122029,28.205128205128204
23,feeding_frenzy,0,360.0,,,,,,,,,4.0,1.0,Feeding Frenzy,-0.37129795318685316,92.3076923076923
23,feeding_frenzy,150,190.0,,,,,,,,,2.5,1.0,Feeding Frenzy,-0.8447028435000911,48.717948717948715
23,feeding_frenzy,75,390.0,,,,,,,,,3.0,1.0,Feeding Frenzy,-0.2877559137198112,100.0
24,dave_the_diver,75,1.4,,,,,,,,,5.0,1.0,Dave the Diver,-0.7048945907136611,82.35294117647058
24,dave_the_diver,150,1.1,,,,,,,,,5.0,1.0,Dave the Diver,-0.9608505516068059,64.70588235294117
24,dave_the_diver,0,1.7,,,,,,,,,5.0,1.0,Dave the Diver,-0.4489386298205162,100.0
24,dave_the_diver,225,1.0,,,,,,,,,5.0,1.0,Dave the Diver,-1.0461692052378542,58.82352941176471
24,rocket_league,0,248.0,,,,,2.0,0.0,0.0,3.0,5.0,1.0,Rocket League,0.6088128934051066,100.0
24,rocket_league,150,24.0,,,,,0.0,0.0,0.0,0.0,5.0,1.0,Rocket League,-1.135253340398332,9.67741935483871
24,rocket_league,225,26.0,,,,,0.0,0.0,0.0,0.0,5.0,1.0,Rocket League,-1.1196813204536586,10.483870967741936
24,rocket_league,75,132.0,,,,,1.0,0.0,0.0,1.0,5.0,1.0,Rocket League,-0.2943642633859599,53.2258064516129
24,half_life_2,225,5.0,,,,,,,,,1.0,0.0,Half-Life 2,-2.1697033556942085,33.33333333333333
24,half_life_2,75,13.0,,,,,,,,,5.0,1.0,Half-Life 2,0.22763156055755984,86.66666666666667
24,half_life_2,150,15.0,,,,,,,,,5.0,1.0,Half-Life 2,0.8269652896205019,100.0
24,half_life_2,0,13.0,,,,,,,,,5.0,1.0,Half-Life 2,0.22763156055755984,86.66666666666667
24,fitts_law,0,4.098755564159351,977.6,904.45,4.098755564159351,22.0,,,,,5.0,1.0,Fitts Law,0.5843772394795373,100.0
24,fitts_law,75,2.851324495376948,1244.5888888888887,1244.8,2.851324495376948,18.0,,,,,3.0,0.0,Fitts Law,-0.4711012907446125,69.56561450772315
24,fitts_law,225,1.7538379063890446,2223.0833333333335,2252.95,1.7538379063890446,6.0,,,,,1.0,0.0,Fitts Law,-1.3997085387718218,42.78952181791681
24,fitts_law,150,2.0272470998052095,1549.5866666666666,1521.5,2.0272470998052095,15.0,,,,,2.0,0.0,Fitts Law,-1.1683710798624973,49.460063379529565
24,feeding_frenzy,150,160.0,,,,,,,,,5.0,1.0,Feeding Frenzy,-0.928244882967133,22.22222222222222
24,feeding_frenzy,225,420.0,,,,,,,,,1.0,0.0,Feeding Frenzy,-0.2042138742527692,58.333333333333336
24,feeding_frenzy,75,190.0,,,,,,,,,1.0,0.0,Feeding Frenzy,-0.8447028435000911,26.38888888888889
24,feeding_frenzy,0,720.0,,,,,,,,,1.0,0.0,Feeding Frenzy,0.6312065204176506,100.0
25,dave_the_diver,150,1.5,,,,,,,,,4.0,1.0,Dave the Diver,-0.6195759370826127,100.0
25,dave_the_diver,225,1.0,,,,,,,,,5.0,1.0,Dave the Diver,-1.0461692052378542,66.66666666666666
25,dave_the_diver,75,1.0,,,,,,,,,4.0,1.0,Dave the Diver,-1.0461692052378542,66.66666666666666
25,dave_the_diver,0,1.5,,,,,,,,,4.0,1.0,Dave the Diver,-0.6195759370826127,100.0
25,rocket_league,225,8.0,,,,,0.0,0.0,0.0,0.0,5.0,1.0,Rocket League,-1.2598294999557207,4.301075268817205
25,rocket_league,75,164.0,,,,,1.0,0.0,0.0,1.0,5.0,1.0,Rocket League,-0.045211944271182934,88.17204301075269
25,rocket_league,150,186.0,,,,,1.0,0.0,0.0,1.0,5.0,1.0,Rocket League,0.12608027512022624,100.0
25,rocket_league,0,180.0,,,,,1.0,0.0,0.0,2.0,4.0,1.0,Rocket League,0.07936421528620555,96.7741935483871
25,half_life_2,225,6.0,,,,,,,,,3.0,1.0,Half-Life 2,-1.8700364911627374,60.0
25,half_life_2,150,7.0,,,,,,,,,4.0,1.0,Half-Life 2,-1.5703696266312663,70.0
25,half_life_2,75,10.0,,,,,,,,,4.0,1.0,Half-Life 2,-0.6713690330368532,100.0
25,half_life_2,0,9.0,,,,,,,,,4.0,1.0,Half-Life 2,-0.9710358975683243,90.0
25,fitts_law,75,3.2613370000898767,1119.2833333333335,1038.7,3.2613370000898767,18.0,,,,,3.0,1.0,Fitts Law,-0.12418080216776972,79.11375090023395
25,fitts_law,0,4.122338990351464,913.7,813.5,4.122338990351464,21.0,,,,,4.0,1.0,Fitts Law,0.6043316887776438,100.0
25,fitts_law,225,1.842646074346574,2911.914285714286,2881.8,1.842646074346574,7.0,,,,,3.0,1.0,Fitts Law,-1.324566018328423,44.69904291372877
25,fitts_law,150,1.882032407569821,1807.3454545454545,1646.5,1.882032407569821,11.0,,,,,3.0,1.0,Fitts Law,-1.2912403860416077,45.65447945874441
25,feeding_frenzy,0,380.0,,,,,,,,,4.0,1.0,Feeding Frenzy,-0.3156032602088252,100.0
25,feeding_frenzy,150,70.0,,,,,,,,,5.0,1.0,Feeding Frenzy,-1.1788710013682588,18.421052631578945
25,feeding_frenzy,75,210.0,,,,,,,,,4.0,1.0,Feeding Frenzy,-0.7890081505220631,55.26315789473685
25,feeding_frenzy,225,160.0,,,,,,,,,4.0,1.0,Feeding Frenzy,-0.928244882967133,42.10526315789473
26,rocket_league,0,142.0,,,,,1.0,0.0,0.0,2.0,4.5,1.0,Rocket League,-0.2165041636625921,93.42105263157895
26,rocket_league,225,114.0,,,,,1.0,0.0,0.0,1.0,3.0,0.0,Rocket League,-0.43451244288802193,75.0
26,rocket_league,150,18.0,,,,,0.0,0.0,0.0,1.0,4.0,1.0,Rocket League,-1.1819694002323529,11.842105263157894
26,rocket_league,75,152.0,,,,,1.0,0.0,0.0,1.0,3.5,1.0,Rocket League,-0.1386440639392243,100.0
26,half_life_2,0,13.0,,,,,,,,,4.0,1.0,Half-Life 2,0.22763156055755984,100.0
26,half_life_2,75,12.0,,,,,,,,,5.0,1.0,Half-Life 2,-0.07203530397391118,92.3076923076923
26,half_life_2,225,7.0,,,,,,,,,2.0,0.0,Half-Life 2,-1.5703696266312663,53.84615384615385
26,half_life_2,150,9.0,,,,,,,,,4.0,1.0,Half-Life 2,-0.9710358975683243,69.23076923076923
26,fitts_law,75,4.223401831882918,929.6227272727272,858.45,4.223401831882918,22.0,,,,,4.0,1.0,Fitts Law,0.6898431547891596,93.8319005577826
26,fitts_law,150,2.499144096279742,1284.7333333333333,1338.2,2.499144096279742,15.0,,,,,2.0,0.0,Fitts Law,-0.7690887782421796,55.52382881293193
26,fitts_law,225,2.1688688924641917,2087.67,1962.2,2.1688688924641917,10.0,,,,,3.0,0.0,Fitts Law,-1.0485418040778918,48.1860590920466
26,fitts_law,0,4.501029827571387,895.2208333333334,829.15,4.501029827571387,24.0,,,,,5.0,1.0,Fitts Law,0.9247502339629726,100.0
26,feeding_frenzy,75,220.0,,,,,,,,,4.5,1.0,Feeding Frenzy,-0.7611608040330491,27.848101265822784
26,feeding_frenzy,150,210.0,,,,,,,,,4.3,1.0,Feeding Frenzy,-0.7890081505220631,26.582278481012654
26,feeding_frenzy,0,790.0,,,,,,,,,5.0,1.0,Feeding Frenzy,0.8261379458407485,100.0
26,feeding_frenzy,225,110.0,,,,,,,,,3.0,0.0,Feeding Frenzy,-1.0674816154122029,13.924050632911392
27,dave_the_diver,225,2.2,,,,,,,,,3.0,0.0,Dave the Diver,-0.022345361665274475,53.658536585365866
27,dave_the_diver,75,2.5,,,,,,,,,4.0,1.0,Dave the Diver,0.23361059922787028,60.97560975609757
27,dave_the_diver,150,2.1,,,,,,,,,3.0,0.0,Dave the Diver,-0.10766401529632286,51.21951219512195
27,dave_the_diver,0,4.1,,,,,,,,,5.0,1.0,Dave the Diver,1.5987090573246427,100.0
27,rocket_league,150,142.0,,,,,1.0,0.0,0.0,1.0,4.0,1.0,Rocket League,-0.2165041636625921,30.406852248394006
27,rocket_league,75,130.0,,,,,1.0,0.0,0.0,1.0,5.0,1.0,Rocket League,-0.30993628333063344,27.8372591006424
27,rocket_league,0,467.0,,,,,4.0,0.0,0.0,4.0,5.0,1.0,Rocket League,2.3139490773468614,100.0
27,rocket_league,225,222.0,,,,,2.0,0.0,0.0,1.0,4.0,1.0,Rocket League,0.4063766341243503,47.53747323340471
27,half_life_2,0,21.0,,,,,,,,,5.0,1.0,Half-Life 2,2.624966476809328,100.0
27,half_life_2,225,10.0,,,,,,,,,2.5,0.0,Half-Life 2,-0.6713690330368532,47.61904761904761
27,half_life_2,150,14.0,,,,,,,,,2.0,0.0,Half-Life 2,0.5272984250890309,66.66666666666666
27,half_life_2,75,14.0,,,,,,,,,3.5,1.0,Half-Life 2,0.5272984250890309,66.66666666666666
27,fitts_law,150,2.7088003909230682,1313.62,1184.9,2.7088003909230682,15.0,,,,,2.0,0.0,Fitts Law,-0.5916940321434037,47.632977694138475
27,fitts_law,225,2.0408728041197115,2020.7363636363634,1432.8,2.0408728041197115,11.0,,,,,2.0,0.0,Fitts Law,-1.156842075396401,35.88778600333899
27,fitts_law,75,4.261749222691215,940.1478260869566,899.1,4.261749222691215,23.0,,,,,3.5,1.0,Fitts Law,0.7222897153255898,74.94085069638045
27,fitts_law,0,5.686817247321496,770.7517241379311,725.5,5.686817247321496,29.0,,,,,5.0,1.0,Fitts Law,1.9280707334097051,100.0
27,feeding_frenzy,225,320.0,,,,,,,,,3.5,1.0,Feeding Frenzy,-0.4826873391429091,36.36363636363637
27,feeding_frenzy,150,600.0,,,,,,,,,3.5,1.0,Feeding Frenzy,0.2970383625494826,68.18181818181817
27,feeding_frenzy,0,880.0,,,,,,,,,4.67,1.0,Feeding Frenzy,1.0767640642418743,100.0
27,feeding_frenzy,75,380.0,,,,,,,,,4.0,1.0,Feeding Frenzy,-0.3156032602088252,43.18181818181818
3,dave_the_diver,150,1.9,,,,,,,,,3.0,1.0,Dave the Diver,-0.2783013225584196,54.285714285714285
3,dave_the_diver,225,1.5,,,,,,,,,1.0,1.0,Dave the Diver,-0.6195759370826127,42.857142857142854
3,dave_the_diver,75,3.5,,,,,,,,,4.0,1.0,Dave the Diver,1.0867971355383532,100.0
3,dave_the_diver,0,0.8,,,,,,,,,4.0,1.0,Dave the Diver,-1.2168065124999508,22.857142857142858
3,rocket_league,0,371.0,,,,,3.0,0.0,0.0,3.0,4.0,1.0,Rocket League,1.5664921200025306,100.0
3,rocket_league,150,18.0,,,,,0.0,0.0,0.0,0.0,3.0,1.0,Rocket League,-1.1819694002323529,4.8517520215633425
3,rocket_league,75,224.0,,,,,2.0,0.0,0.0,2.0,3.0,1.0,Rocket League,0.4219486540690239,60.37735849056604
3,rocket_league,225,128.0,,,,,1.0,0.0,0.0,1.0,2.0,1.0,Rocket League,-0.325508303275307,34.50134770889488
3,half_life_2,0,15.0,,,,,,,,,5.0,1.0,Half-Life 2,0.8269652896205019,100.0
3,half_life_2,150,12.0,,,,,,,,,1.0,1.0,Half-Life 2,-0.07203530397391118,80.0
3,half_life_2,225,12.0,,,,,,,,,1.0,1.0,Half-Life 2,-0.07203530397391118,80.0
3,half_life_2,75,13.0,,,,,,,,,4.0,1.0,Half-Life 2,0.22763156055755984,86.66666666666667
3,fitts_law,150,2.3860477614883178,1595.9833333333333,1441.1,2.3860477614883178,12.0,,,,,1.0,1.0,Fitts Law,-0.8647820443525923,46.25838755775056
3,fitts_law,0,5.158086754557742,834.4653846153847,754.9,5.158086754557742,26.0,,,,,4.0,1.0,Fitts Law,1.4807003757580435,100.0
3,fitts_law,225,2.289510173735324,1766.875,1832.05,2.289510173735324,12.0,,,,,1.0,1.0,Fitts Law,-0.9464645948219913,44.38681012319709
3,fitts_law,75,3.4552926525291254,1091.685,1026.3,3.4552926525291254,20.0,,,,,3.0,1.0,Fitts Law,0.03992928943437727,66.98787393360516
3,feeding_frenzy,150,190.0,,,,,,,,,1.0,1.0,Feeding Frenzy,-0.8447028435000911,14.615384615384617
3,feeding_frenzy,225,230.0,,,,,,,,,1.0,1.0,Feeding Frenzy,-0.7333134575440351,17.692307692307693
3,feeding_frenzy,0,1300.0,,,,,,,,,3.0,1.0,Feeding Frenzy,2.246352616780462,100.0
3,feeding_frenzy,75,690.0,,,,,,,,,3.0,1.0,Feeding Frenzy,0.5476644809506086,53.07692307692308
4,dave_the_diver,225,1.6,,,,,,,,,5.0,1.0,Dave the Diver,-0.5342572834515643,41.02564102564103
4,dave_the_diver,75,3.9,,,,,,,,,5.0,1.0,Dave the Diver,1.4280717500625464,100.0
4,dave_the_diver,150,3.5,,,,,,,,,,,Dave the Diver,1.0867971355383532,89.74358974358975
4,dave_the_diver,0,3.3,,,,,,,,,5.0,1.0,Dave the Diver,0.9161598282762565,84.61538461538461
4,rocket_league,150,359.0,,,,,3.0,0.0,0.0,3.0,3.8,1.0,Rocket League,1.4730600003344891,93.24675324675324
4,rocket_league,75,385.0,,,,,3.0,0.0,0.0,4.0,4.0,1.0,Rocket League,1.6754962596152454,100.0
4,rocket_league,0,260.0,,,,,2.0,0.0,0.0,3.0,3.6,1.0,Rocket League,0.7022450130731479,67.53246753246754
4,rocket_league,225,46.0,,,,,0.0,0.0,0.0,0.0,3.5,1.0,Rocket League,-0.963961121006923,11.948051948051948
4,half_life_2,150,10.0,,,,,,,,,4.0,1.0,Half-Life 2,-0.6713690330368532,52.63157894736842
4,half_life_2,75,16.0,,,,,,,,,4.5,1.0,Half-Life 2,1.126632154151973,84.21052631578947
4,half_life_2,0,19.0,,,,,,,,,5.0,1.0,Half-Life 2,2.025632747746386,100.0
4,half_life_2,225,13.0,,,,,,,,,3.0,1.0,Half-Life 2,0.22763156055755984,68.42105263157895
4,fitts_law,0,5.2861240692779345,745.2862068965516,695.9,5.2861240692779345,29.0,,,,,5.0,1.0,Fitts Law,1.5890355296087686,100.0
4,fitts_law,225,2.299464119860978,1791.1363636363637,1787.7,2.299464119860978,11.0,,,,,2.5,0.0,Fitts Law,-0.9380423447357474,43.500002832416996
4,fitts_law,75,4.205209279904285,1121.747368421053,1166.7,4.205209279904285,19.0,,,,,4.0,1.0,Fitts Law,0.67445004129057,79.55184601784615
4,fitts_law,150,3.203739416366419,1119.3526315789475,1091.7,3.203739416366419,19.0,,,,,3.5,1.0,Fitts Law,-0.17291536917854397,60.606587631683
4,feeding_frenzy,225,220.0,,,,,,,,,3.5,1.0,Feeding Frenzy,-0.7611608040330491,18.803418803418804
4,feeding_frenzy,150,530.0,,,,,,,,,4.2,1.0,Feeding Frenzy,0.10210693712638469,45.2991452991453
4,feeding_frenzy,75,780.0,,,,,,,,,5.0,1.0,Feeding Frenzy,0.7982905993517345,66.66666666666666
4,feeding_frenzy,0,1170.0,,,,,,,,,5.0,1.0,Feeding Frenzy,1.8843371124232804,100.0
5,dave_the_diver,75,3.5,,,,,,,,,4.0,1.0,Dave the Diver,1.0867971355383532,100.0
5,dave_the_diver,150,1.0,,,,,,,,,4.0,1.0,Dave the Diver,-1.0461692052378542,28.57142857142857
5,dave_the_diver,225,0.0,,,,,,,,,4.0,1.0,Dave the Diver,-1.8993557415483373,0.0
5,dave_the_diver,0,0.1,,,,,,,,,3.0,1.0,Dave the Diver,-1.814037087917289,2.857142857142857
5,feeding_frenzy,150,300.0,,,,,,,,,4.0,1.0,Feeding Frenzy,-0.5383820321209372,41.66666666666667
5,feeding_frenzy,0,280.0,,,,,,,,,3.0,1.0,Feeding Frenzy,-0.5940767250989651,38.88888888888889
5,feeding_frenzy,75,720.0,,,,,,,,,4.0,1.0,Feeding Frenzy,0.6312065204176506,100.0
5,feeding_frenzy,225,190.0,,,,,,,,,3.0,1.0,Feeding Frenzy,-0.8447028435000911,26.38888888888889
6,dave_the_diver,75,2.0,,,,,,,,,2.0,0.0,Dave the Diver,-0.19298266892737123,95.23809523809523
6,dave_the_diver,150,1.1,,,,,,,,,3.0,0.0,Dave the Diver,-0.9608505516068059,52.38095238095239
6,dave_the_diver,225,2.1,,,,,,,,,2.0,0.0,Dave the Diver,-0.10766401529632286,100.0
6,dave_the_diver,0,1.9,,,,,,,,,3.0,1.0,Dave the Diver,-0.2783013225584196,90.47619047619047
6,rocket_league,225,72.0,,,,,0.0,0.0,0.0,0.0,1.0,1.0,Rocket League,-0.7615248617261666,17.26618705035971
6,rocket_league,150,164.0,,,,,1.0,0.0,0.0,1.0,1.0,0.0,Rocket League,-0.045211944271182934,39.328537170263786
6,rocket_league,75,417.0,,,,,3.0,0.0,0.0,4.0,4.0,1.0,Rocket League,1.9246485787300223,100.0
6,rocket_league,0,304.0,,,,,2.0,0.0,0.0,3.0,4.0,0.0,Rocket League,1.0448294518559662,72.90167865707434
6,half_life_2,75,11.0,,,,,,,,,4.0,1.0,Half-Life 2,-0.37170216850538224,78.57142857142857
6,half_life_2,0,14.0,,,,,,,,,5.0,1.0,Half-Life 2,0.5272984250890309,100.0
6,half_life_2,225,2.0,,,,,,,,,1.0,0.0,Half-Life 2,-3.0687039492886217,14.285714285714285
6,half_life_2,150,8.0,,,,,,,,,2.0,0.0,Half-Life 2,-1.2707027620997953,57.14285714285714
6,fitts_law,150,2.8645290457942036,1236.3352941176472,1261.0,2.8645290457942036,17.0,,,,,1.0,0.0,Fitts Law,-0.45992863374138454,60.69897832883393
6,fitts_law,75,3.467886285811194,1020.3714285714285,997.0,3.467886285811194,21.0,,,,,2.0,0.0,Fitts Law,0.050585036176130235,73.4840356457104
6,fitts_law,225,1.6497481337441071,2587.45,1912.7,1.6497481337441071,8.0,,,,,1.0,0.0,Fitts Law,-1.48778115696457,34.957937104947064
6,fitts_law,0,4.719237662083452,1424.4923076923078,754.9,4.719237662083452,13.0,,,,,5.0,1.0,Fitts Law,1.1093806237439436,100.0
6,feeding_frenzy,150,300.0,,,,,,,,,4.0,1.0,Feeding Frenzy,-0.5383820321209372,32.967032967032964
6,feeding_frenzy,75,910.0,,,,,,,,,4.0,1.0,Feeding Frenzy,1.1603061037089164,100.0
6,feeding_frenzy,0,300.0,,,,,,,,,3.0,1.0,Feeding Frenzy,-0.5383820321209372,32.967032967032964
6,feeding_frenzy,225,240.0,,,,,,,,,4.0,1.0,Feeding Frenzy,-0.7054661110550211,26.373626373626376
7,rocket_league,225,156.0,,,,,1.0,0.0,0.0,2.0,4.0,1.0,Rocket League,-0.10750002404987717,96.29629629629629
7,rocket_league,0,162.0,,,,,1.0,0.0,0.0,1.0,4.0,1.0,Rocket League,-0.06078396421585649,100.0
7,rocket_league,150,4.0,,,,,0.0,0.0,0.0,0.0,3.0,1.0,Rocket League,-1.2909735398450677,2.4691358024691357
7,rocket_league,75,34.0,,,,,0.0,0.0,0.0,1.0,4.0,1.0,Rocket League,-1.0573932406749642,20.98765432098765
7,half_life_2,225,11.0,,,,,,,,,5.0,1.0,Half-Life 2,-0.37170216850538224,73.33333333333333
7,half_life_2,75,13.0,,,,,,,,,5.0,1.0,Half-Life 2,0.22763156055755984,86.66666666666667
7,half_life_2,0,15.0,,,,,,,,,5.0,1.0,Half-Life 2,0.8269652896205019,100.0
7,half_life_2,150,12.0,,,,,,,,,5.0,1.0,Half-Life 2,-0.07203530397391118,80.0
7,fitts_law,225,2.2075989845709474,1842.47,1777.0500000000002,2.2075989845709474,10.0,,,,,2.0,1.0,Fitts Law,-1.0157714316578865,45.185536449939754
7,fitts_law,75,3.793845615275787,1222.2222222222222,1113.9,3.793845615275787,18.0,,,,,3.0,1.0,Fitts Law,0.326386306952521,77.6531202145871
7,fitts_law,0,4.885631903511219,776.7777777777779,759.5,4.885631903511219,27.0,,,,,4.0,1.0,Fitts Law,1.250170406662664,100.0
7,fitts_law,150,1.9162386140393197,1702.1083333333336,1585.5500000000002,1.9162386140393197,12.0,,,,,3.0,1.0,Fitts Law,-1.2622977715497217,39.22191953638898
7,feeding_frenzy,75,260.0,,,,,,,,,4.0,1.0,Feeding Frenzy,-0.6497714180769931,49.056603773584904
7,feeding_frenzy,150,290.0,,,,,,,,,4.0,1.0,Feeding Frenzy,-0.5662293786099512,54.71698113207547
7,feeding_frenzy,0,530.0,,,,,,,,,5.0,1.0,Feeding Frenzy,0.10210693712638469,100.0
7,feeding_frenzy,225,260.0,,,,,,,,,4.0,1.0,Feeding Frenzy,-0.6497714180769931,49.056603773584904
8,dave_the_diver,75,2.6,,,,,,,,,4.5,1.0,Dave the Diver,0.31892925285891865,57.777777777777786
8,dave_the_diver,225,2.5,,,,,,,,,1.0,0.0,Dave the Diver,0.23361059922787028,55.55555555555556
8,dave_the_diver,150,4.1,,,,,,,,,1.5,0.0,Dave the Diver,1.5987090573246427,91.1111111111111
8,dave_the_diver,0,4.5,,,,,,,,,5.0,1.0,Dave the Diver,1.9399836718488364,100.0
8,rocket_league,0,132.0,,,,,1.0,0.0,0.0,1.0,5.0,1.0,Rocket League,-0.2943642633859599,73.33333333333333
8,rocket_league,225,152.0,,,,,1.0,0.0,0.0,2.0,3.0,0.0,Rocket League,-0.1386440639392243,84.44444444444444
8,rocket_league,150,152.0,,,,,1.0,0.0,0.0,1.0,4.0,1.0,Rocket League,-0.1386440639392243,84.44444444444444
8,rocket_league,75,180.0,,,,,1.0,0.0,0.0,1.0,4.0,1.0,Rocket League,0.07936421528620555,100.0
8,half_life_2,75,14.0,,,,,,,,,3.0,1.0,Half-Life 2,0.5272984250890309,100.0
8,half_life_2,0,14.0,,,,,,,,,5.0,1.0,Half-Life 2,0.5272984250890309,100.0
8,half_life_2,225,8.0,,,,,,,,,1.0,0.0,Half-Life 2,-1.2707027620997953,57.14285714285714
8,half_life_2,150,14.0,,,,,,,,,1.5,0.0,Half-Life 2,0.5272984250890309,100.0
8,fitts_law,75,4.53575459458515,893.1173913043478,916.0,4.53575459458515,23.0,,,,,3.0,0.0,Fitts Law,0.954131613798122,77.2446291516973
8,fitts_law,225,1.74840939531581,1738.3166666666668,1800.1,1.74840939531581,12.0,,,,,1.0,0.0,Fitts Law,-1.4043017199361132,29.775692782793843
8,fitts_law,0,5.8719352327753205,614.22,559.1,5.8719352327753205,35.0,,,,,5.0,1.0,Fitts Law,2.084703082959547,100.0
8,fitts_law,150,3.060321697911526,1244.8411764705882,1214.6,3.060321697911526,17.0,,,,,1.5,0.0,Fitts Law,-0.2942642167991385,52.11776997862238
8,feeding_frenzy,0,730.0,,,,,,,,,5.0,1.0,Feeding Frenzy,0.6590538669066646,100.0
8,feeding_frenzy,225,200.0,,,,,,,,,3.0,1.0,Feeding Frenzy,-0.8168554970110771,27.397260273972602
8,feeding_frenzy,75,470.0,,,,,,,,,4.5,1.0,Feeding Frenzy,-0.06497714180769926,64.38356164383562
8,feeding_frenzy,150,210.0,,,,,,,,,4.0,1.0,Feeding Frenzy,-0.7890081505220631,28.767123287671232
9,dave_the_diver,225,0.6,,,,,,,,,2.0,0.0,Dave the Diver,-1.3874438197620473,24.0
9,dave_the_diver,0,2.4,,,,,,,,,5.0,1.0,Dave the Diver,0.1482919455968219,96.0
9,dave_the_diver,150,0.5,,,,,,,,,5.0,1.0,Dave the Diver,-1.4727624733930957,20.0
9,dave_the_diver,75,2.5,,,,,,,,,5.0,1.0,Dave the Diver,0.23361059922787028,100.0
9,rocket_league,225,46.0,,,,,0.0,0.0,0.0,2.0,4.0,1.0,Rocket League,-0.963961121006923,18.548387096774192
9,rocket_league,150,160.0,,,,,1.0,0.0,0.0,1.0,5.0,1.0,Rocket League,-0.07635598416053005,64.51612903225806
9,rocket_league,0,202.0,,,,,1.0,0.0,0.0,2.0,5.0,1.0,Rocket League,0.2506564346776147,81.45161290322581
9,rocket_league,75,248.0,,,,,1.0,1.0,0.0,2.0,5.0,1.0,Rocket League,0.6088128934051066,100.0
9,half_life_2,225,10.0,,,,,,,,,1.0,0.0,Half-Life 2,-0.6713690330368532,71.42857142857143
9,half_life_2,150,10.0,,,,,,,,,1.0,0.0,Half-Life 2,-0.6713690330368532,71.42857142857143
9,half_life_2,75,11.0,,,,,,,,,2.0,0.0,Half-Life 2,-0.37170216850538224,78.57142857142857
9,half_life_2,0,14.0,,,,,,,,,5.0,1.0,Half-Life 2,0.5272984250890309,100.0
9,fitts_law,75,3.868800961770017,1158.1222222222223,1134.15,3.868800961770017,18.0,,,,,2.0,0.0,Fitts Law,0.3898076541756535,66.71388261000189
9,fitts_law,150,2.876307795734202,1027.325,974.05,2.876307795734202,20.0,,,,,1.0,0.0,Fitts Law,-0.44996237750032275,49.599258925704284
9,fitts_law,225,2.6008181171737634,1772.8083333333336,1511.25,2.6008181171737634,12.0,,,,,1.0,0.0,Fitts Law,-0.6830601800929054,44.848695054013234
9,fitts_law,0,5.799094297039156,704.2620689655172,676.7,5.799094297039156,29.0,,,,,5.0,1.0,Fitts Law,2.0230707846186036,100.0
9,feeding_frenzy,75,490.0,,,,,,,,,4.0,1.0,Feeding Frenzy,-0.009282448829671278,38.28125
9,feeding_frenzy,225,210.0,,,,,,,,,2.0,0.0,Feeding Frenzy,-0.7890081505220631,16.40625
9,feeding_frenzy,0,1280.0,,,,,,,,,5.0,1.0,Feeding Frenzy,2.1906579238024344,100.0
9,feeding_frenzy,150,390.0,,,,,,,,,4.0,1.0,Feeding Frenzy,-0.2877559137198112,30.46875
